{
    "loss": 0.15545834600925446,
    "accuracy": 0.971222996711731
}